Id,task_1,task_2
data/test/melanoma/ISIC_0012258.jpg,-1.7434089183807373,-1.831878423690796
data/test/melanoma/ISIC_0012356.jpg,-1.5812863111495972,-1.863282322883606
data/test/melanoma/ISIC_0013457.jpg,-1.5296884775161743,-2.24076509475708
data/test/melanoma/ISIC_0012395.jpg,-1.7534584999084473,-2.056133508682251
data/test/melanoma/ISIC_0013277.jpg,-1.859948754310608,-2.018134832382202
data/test/melanoma/ISIC_0013411.jpg,-1.4626288414001465,-1.8246538639068604
data/test/melanoma/ISIC_0013072.jpg,-1.6035574674606323,-2.0926082134246826
data/test/melanoma/ISIC_0012758.jpg,-1.5374243259429932,-2.003211259841919
data/test/melanoma/ISIC_0013414.jpg,-1.8679476976394653,-2.0918259620666504
data/test/melanoma/ISIC_0012989.jpg,-1.9935078620910645,-2.090924024581909
data/test/melanoma/ISIC_0013321.jpg,-1.4587236642837524,-1.8891488313674927
data/test/melanoma/ISIC_0013374.jpg,-1.2236849069595337,-1.8703699111938477
data/test/melanoma/ISIC_0013459.jpg,-1.5631310939788818,-1.9316151142120361
data/test/melanoma/ISIC_0013455.jpg,-1.711680293083191,-2.3316586017608643
data/test/melanoma/ISIC_0013073.jpg,-1.3577179908752441,-1.7962067127227783
data/test/melanoma/ISIC_0012425.jpg,-1.796817421913147,-1.9688611030578613
data/test/melanoma/ISIC_0012369.jpg,-1.4587798118591309,-2.123417377471924
data/test/melanoma/ISIC_0013473.jpg,-1.1597416400909424,-1.773195505142212
data/test/melanoma/ISIC_0013472.jpg,-1.4458965063095093,-1.6137042045593262
data/test/melanoma/ISIC_0013242.jpg,-1.2077786922454834,-1.644921898841858
data/test/melanoma/ISIC_0013565.jpg,-1.7843315601348877,-1.914438009262085
data/test/melanoma/ISIC_0014148.jpg,-1.2341804504394531,-1.4726929664611816
data/test/melanoma/ISIC_0014548.jpg,-1.339720606803894,-1.8316856622695923
data/test/melanoma/ISIC_0013833.jpg,-1.1833381652832031,-1.754340410232544
data/test/melanoma/ISIC_0014349.jpg,-1.528860330581665,-2.49072003364563
data/test/melanoma/ISIC_0013842.jpg,-1.7810319662094116,-1.8686096668243408
data/test/melanoma/ISIC_0013948.jpg,-1.6678693294525146,-2.203341245651245
data/test/melanoma/ISIC_0014059.jpg,-1.6594431400299072,-1.943678855895996
data/test/melanoma/ISIC_0014454.jpg,-1.203099012374878,-1.557572364807129
data/test/melanoma/ISIC_0014559.jpg,-1.2585232257843018,-1.783718228340149
data/test/melanoma/ISIC_0014284.jpg,-1.2216086387634277,-1.6439186334609985
data/test/melanoma/ISIC_0014221.jpg,-1.737390398979187,-1.652359127998352
data/test/melanoma/ISIC_0013733.jpg,-1.658012866973877,-1.7661309242248535
data/test/melanoma/ISIC_0014077.jpg,-1.1805419921875,-1.91587233543396
data/test/melanoma/ISIC_0013953.jpg,-1.4998869895935059,-1.434492588043213
data/test/melanoma/ISIC_0014423.jpg,-1.5385887622833252,-1.741600513458252
data/test/melanoma/ISIC_0013636.jpg,-1.3198959827423096,-1.7027323246002197
data/test/melanoma/ISIC_0014666.jpg,-0.9273854494094849,-1.5943901538848877
data/test/melanoma/ISIC_0013917.jpg,-1.6395291090011597,-2.189877510070801
data/test/melanoma/ISIC_0014027.jpg,-1.5975595712661743,-1.6172960996627808
data/test/melanoma/ISIC_0014513.jpg,-1.5470845699310303,-1.5725622177124023
data/test/melanoma/ISIC_0014110.jpg,-1.6874579191207886,-2.139510154724121
data/test/melanoma/ISIC_0014541.jpg,-1.2804505825042725,-2.185617446899414
data/test/melanoma/ISIC_0013696.jpg,-1.5947257280349731,-1.9852615594863892
data/test/melanoma/ISIC_0014288.jpg,-1.3218574523925781,-1.864175796508789
data/test/melanoma/ISIC_0014181.jpg,-1.140486478805542,-1.6016440391540527
data/test/melanoma/ISIC_0014546.jpg,-1.6370527744293213,-1.7148141860961914
data/test/melanoma/ISIC_0013925.jpg,-1.433643102645874,-1.6192336082458496
data/test/melanoma/ISIC_0014233.jpg,-1.480957269668579,-1.5191912651062012
data/test/melanoma/ISIC_0014663.jpg,-1.1530404090881348,-1.9839696884155273
data/test/melanoma/ISIC_0013739.jpg,-1.8129198551177979,-2.066351890563965
data/test/melanoma/ISIC_0013766.jpg,-1.8442487716674805,-2.219240427017212
data/test/melanoma/ISIC_0014103.jpg,-1.4341702461242676,-1.6204209327697754
data/test/melanoma/ISIC_0014369.jpg,-1.4647771120071411,-2.3562352657318115
data/test/melanoma/ISIC_0014434.jpg,-1.361269474029541,-1.6150691509246826
data/test/melanoma/ISIC_0013813.jpg,-1.339116096496582,-1.4347715377807617
data/test/melanoma/ISIC_0013615.jpg,-1.4559431076049805,-1.779219388961792
data/test/melanoma/ISIC_0014489.jpg,-1.6121770143508911,-1.931663155555725
data/test/melanoma/ISIC_0014542.jpg,-1.4291081428527832,-2.2195961475372314
data/test/melanoma/ISIC_0014478.jpg,-1.5167156457901,-2.477997064590454
data/test/melanoma/ISIC_0014270.jpg,-1.4053298234939575,-1.6883035898208618
data/test/melanoma/ISIC_0014129.jpg,-1.3751014471054077,-1.544783592224121
data/test/melanoma/ISIC_0014506.jpg,-1.2706670761108398,-1.6379966735839844
data/test/melanoma/ISIC_0013767.jpg,-1.2358193397521973,-1.56056809425354
data/test/melanoma/ISIC_0013577.jpg,-1.542659044265747,-1.6939951181411743
data/test/melanoma/ISIC_0014255.jpg,-1.760219931602478,-1.7614609003067017
data/test/melanoma/ISIC_0014319.jpg,-1.36630380153656,-1.92946195602417
data/test/melanoma/ISIC_0013867.jpg,-1.4003479480743408,-2.108508586883545
data/test/melanoma/ISIC_0013678.jpg,-1.7883883714675903,-2.215644359588623
data/test/melanoma/ISIC_0013588.jpg,-1.4876209497451782,-1.9171428680419922
data/test/melanoma/ISIC_0013987.jpg,-1.4069161415100098,-1.6901512145996094
data/test/melanoma/ISIC_0013814.jpg,-1.1418960094451904,-1.5604190826416016
data/test/melanoma/ISIC_0014219.jpg,-1.3970898389816284,-1.7918570041656494
data/test/melanoma/ISIC_0013988.jpg,-1.3051602840423584,-1.5544943809509277
data/test/melanoma/ISIC_0014160.jpg,-1.4735065698623657,-1.8808447122573853
data/test/melanoma/ISIC_0014336.jpg,-1.250831127166748,-1.4575493335723877
data/test/melanoma/ISIC_0014186.jpg,-1.5493139028549194,-1.3906691074371338
data/test/melanoma/ISIC_0013908.jpg,-1.4963043928146362,-1.880463719367981
data/test/melanoma/ISIC_0013617.jpg,-1.579240083694458,-1.7839255332946777
data/test/melanoma/ISIC_0015180.jpg,-1.307092547416687,-1.442265510559082
data/test/melanoma/ISIC_0015142.jpg,-1.2443182468414307,-1.8126786947250366
data/test/melanoma/ISIC_0014928.jpg,-1.5522770881652832,-1.8820843696594238
data/test/melanoma/ISIC_0014862.jpg,-1.2177982330322266,-1.6955583095550537
data/test/melanoma/ISIC_0014727.jpg,-1.3345093727111816,-1.4948034286499023
data/test/melanoma/ISIC_0014912.jpg,-1.1234395503997803,-1.8244524002075195
data/test/melanoma/ISIC_0014800.jpg,-1.232881784439087,-1.8113454580307007
data/test/melanoma/ISIC_0014790.jpg,-1.6825388669967651,-1.9176326990127563
data/test/melanoma/ISIC_0014772.jpg,-1.2997866868972778,-1.8412888050079346
data/test/melanoma/ISIC_0014883.jpg,-1.5507488250732422,-2.334622859954834
data/test/melanoma/ISIC_0015071.jpg,-1.2315142154693604,-1.7662250995635986
data/test/melanoma/ISIC_0014784.jpg,-1.386652946472168,-1.4577919244766235
data/test/melanoma/ISIC_0014872.jpg,-1.496840238571167,-1.7480194568634033
data/test/melanoma/ISIC_0015163.jpg,-1.2838811874389648,-1.611344814300537
data/test/melanoma/ISIC_0015133.jpg,-1.6124160289764404,-2.0625152587890625
data/test/melanoma/ISIC_0015136.jpg,-1.2231295108795166,-1.9038686752319336
data/test/melanoma/ISIC_0014703.jpg,-1.1151305437088013,-1.667299747467041
data/test/melanoma/ISIC_0015185.jpg,-1.7273409366607666,-2.2256572246551514
data/test/melanoma/ISIC_0015041.jpg,-1.7465007305145264,-2.613492250442505
data/test/melanoma/ISIC_0014695.jpg,-1.3974369764328003,-1.4421274662017822
data/test/melanoma/ISIC_0015004.jpg,-1.5170241594314575,-1.9785526990890503
data/test/melanoma/ISIC_0014766.jpg,-1.2065991163253784,-1.7028284072875977
data/test/melanoma/ISIC_0015167.jpg,-1.2758285999298096,-1.7799243927001953
data/test/melanoma/ISIC_0014932.jpg,-1.5472618341445923,-2.32411789894104
data/test/melanoma/ISIC_0015127.jpg,-1.5556671619415283,-2.136046886444092
data/test/melanoma/ISIC_0014963.jpg,-1.2970664501190186,-1.9988794326782227
data/test/melanoma/ISIC_0015115.jpg,-1.4230761528015137,-2.3103084564208984
data/test/melanoma/ISIC_0014826.jpg,-1.4265493154525757,-2.1634435653686523
data/test/melanoma/ISIC_0015046.jpg,-1.2870204448699951,-1.8789349794387817
data/test/melanoma/ISIC_0015119.jpg,-1.1219731569290161,-1.9949313402175903
data/test/melanoma/ISIC_0014982.jpg,-1.2330567836761475,-1.901012659072876
data/test/melanoma/ISIC_0015050.jpg,-1.2373844385147095,-1.7022945880889893
data/test/melanoma/ISIC_0015156.jpg,-1.3992379903793335,-1.8961451053619385
data/test/melanoma/ISIC_0015132.jpg,-1.1301323175430298,-2.1045970916748047
data/test/melanoma/ISIC_0015193.jpg,-1.7640869617462158,-2.196143865585327
data/test/melanoma/ISIC_0015206.jpg,-1.3117824792861938,-1.7489354610443115
data/test/melanoma/ISIC_0015229.jpg,-0.9233946800231934,-1.753683090209961
data/test/melanoma/ISIC_0015251.jpg,-1.3423610925674438,-2.1616339683532715
data/test/nevus/ISIC_0014725.jpg,-1.168116569519043,-1.9856810569763184
data/test/nevus/ISIC_0013897.jpg,-1.3059598207473755,-1.8540492057800293
data/test/nevus/ISIC_0012092.jpg,-1.974822998046875,-1.822545051574707
data/test/nevus/ISIC_0013738.jpg,-1.622888207435608,-1.8714936971664429
data/test/nevus/ISIC_0014740.jpg,-1.0668994188308716,-1.838526725769043
data/test/nevus/ISIC_0014117.jpg,-1.8667323589324951,-2.009286403656006
data/test/nevus/ISIC_0014693.jpg,-1.2257074117660522,-1.8910505771636963
data/test/nevus/ISIC_0012654.jpg,-1.7502140998840332,-2.1486973762512207
data/test/nevus/ISIC_0012837.jpg,-1.4909842014312744,-1.4705984592437744
data/test/nevus/ISIC_0013325.jpg,-1.6437257528305054,-1.5765712261199951
data/test/nevus/ISIC_0012493.jpg,-1.6972928047180176,-1.6298511028289795
data/test/nevus/ISIC_0012484.jpg,-1.5701030492782593,-1.465341329574585
data/test/nevus/ISIC_0012357.jpg,-1.3536207675933838,-1.6939010620117188
data/test/nevus/ISIC_0014749.jpg,-1.6675280332565308,-2.1162638664245605
data/test/nevus/ISIC_0014675.jpg,-1.5646897554397583,-1.8439799547195435
data/test/nevus/ISIC_0012904.jpg,-1.6812183856964111,-1.7714728116989136
data/test/nevus/ISIC_0013966.jpg,-1.5895357131958008,-1.537834882736206
data/test/nevus/ISIC_0014697.jpg,-1.4750899076461792,-1.777285099029541
data/test/nevus/ISIC_0014746.jpg,-1.679378867149353,-2.404526948928833
data/test/nevus/ISIC_0013600.jpg,-1.8078261613845825,-2.3100075721740723
data/test/nevus/ISIC_0014765.jpg,-1.3170726299285889,-2.0044336318969727
data/test/nevus/ISIC_0013230.jpg,-1.9519145488739014,-2.325681209564209
data/test/nevus/ISIC_0013911.jpg,-1.7243642807006836,-1.9473624229431152
data/test/nevus/ISIC_0014698.jpg,-1.4784660339355469,-1.7428202629089355
data/test/nevus/ISIC_0014470.jpg,-1.5324418544769287,-1.7010884284973145
data/test/nevus/ISIC_0013809.jpg,-1.506831407546997,-1.8790326118469238
data/test/nevus/ISIC_0013512.jpg,-1.5552937984466553,-1.952880859375
data/test/nevus/ISIC_0012708.jpg,-1.762747049331665,-2.1174232959747314
data/test/nevus/ISIC_0014720.jpg,-1.4314154386520386,-2.0723979473114014
data/test/nevus/ISIC_0012903.jpg,-1.8454681634902954,-2.1882243156433105
data/test/nevus/ISIC_0013998.jpg,-1.9781153202056885,-1.925323247909546
data/test/nevus/ISIC_0013291.jpg,-1.7472174167633057,-2.088359832763672
data/test/nevus/ISIC_0013511.jpg,-1.267425298690796,-1.5463056564331055
data/test/nevus/ISIC_0013226.jpg,-1.4946705102920532,-1.7086412906646729
data/test/nevus/ISIC_0013164.jpg,-2.009115695953369,-2.3721470832824707
data/test/nevus/ISIC_0014677.jpg,-1.813068151473999,-2.0685760974884033
data/test/nevus/ISIC_0014768.jpg,-1.7179229259490967,-2.005476236343384
data/test/nevus/ISIC_0012941.jpg,-1.7858222723007202,-1.7350318431854248
data/test/nevus/ISIC_0014687.jpg,-1.439387559890747,-2.407020092010498
data/test/nevus/ISIC_0013529.jpg,-1.8689768314361572,-2.3845746517181396
data/test/nevus/ISIC_0014743.jpg,-1.6687664985656738,-2.1232261657714844
data/test/nevus/ISIC_0012147.jpg,-1.7976915836334229,-2.0179057121276855
data/test/nevus/ISIC_0014728.jpg,-1.513163447380066,-1.9002165794372559
data/test/nevus/ISIC_0012149.jpg,-1.7020413875579834,-1.7056396007537842
data/test/nevus/ISIC_0012967.jpg,-1.6268361806869507,-1.5620020627975464
data/test/nevus/ISIC_0013399.jpg,-1.6049046516418457,-1.6203272342681885
data/test/nevus/ISIC_0013216.jpg,-1.8930346965789795,-2.2124242782592773
data/test/nevus/ISIC_0013045.jpg,-1.9748671054840088,-2.399181604385376
data/test/nevus/ISIC_0014753.jpg,-1.1902304887771606,-1.6741340160369873
data/test/nevus/ISIC_0013159.jpg,-1.7681478261947632,-1.8534013032913208
data/test/nevus/ISIC_0014755.jpg,-1.6599286794662476,-2.022650957107544
data/test/nevus/ISIC_0012722.jpg,-1.5556776523590088,-1.7942359447479248
data/test/nevus/ISIC_0012836.jpg,-1.4795479774475098,-1.9129245281219482
data/test/nevus/ISIC_0014090.jpg,-1.448496699333191,-2.055452585220337
data/test/nevus/ISIC_0013794.jpg,-1.8527780771255493,-1.9839272499084473
data/test/nevus/ISIC_0013176.jpg,-1.5610640048980713,-1.7749850749969482
data/test/nevus/ISIC_0012216.jpg,-1.6465721130371094,-1.8324718475341797
data/test/nevus/ISIC_0013070.jpg,-1.690394401550293,-1.9091752767562866
data/test/nevus/ISIC_0014729.jpg,-1.7904125452041626,-1.7220076322555542
data/test/nevus/ISIC_0013891.jpg,-1.798583984375,-1.9474332332611084
data/test/nevus/ISIC_0013602.jpg,-1.3268320560455322,-1.7880375385284424
data/test/nevus/ISIC_0013109.jpg,-1.7620474100112915,-2.255887508392334
data/test/nevus/ISIC_0012656.jpg,-1.8426544666290283,-2.5330817699432373
data/test/nevus/ISIC_0013416.jpg,-1.8333582878112793,-2.032330274581909
data/test/nevus/ISIC_0012803.jpg,-1.401484489440918,-1.4577524662017822
data/test/nevus/ISIC_0012095.jpg,-1.8700003623962402,-2.091855049133301
data/test/nevus/ISIC_0012551.jpg,-2.0841875076293945,-2.0415523052215576
data/test/nevus/ISIC_0013269.jpg,-1.330392837524414,-1.6604869365692139
data/test/nevus/ISIC_0014773.jpg,-1.6184990406036377,-1.8621666431427002
data/test/nevus/ISIC_0012152.jpg,-1.4817776679992676,-1.5571800470352173
data/test/nevus/ISIC_0013191.jpg,-1.5526607036590576,-1.8013372421264648
data/test/nevus/ISIC_0014876.jpg,-1.626257300376892,-1.857595443725586
data/test/nevus/ISIC_0014854.jpg,-1.3265728950500488,-1.9816064834594727
data/test/nevus/ISIC_0014835.jpg,-1.4554716348648071,-1.8301849365234375
data/test/nevus/ISIC_0014780.jpg,-1.345207691192627,-1.7184855937957764
data/test/nevus/ISIC_0014820.jpg,-2.0120363235473633,-2.345870018005371
data/test/nevus/ISIC_0014807.jpg,-1.2856792211532593,-1.9038797616958618
data/test/nevus/ISIC_0014844.jpg,-1.626316785812378,-2.1935536861419678
data/test/nevus/ISIC_0014853.jpg,-2.13765025138855,-2.700777053833008
data/test/nevus/ISIC_0014863.jpg,-1.4128344058990479,-1.7485148906707764
data/test/nevus/ISIC_0014786.jpg,-1.164549708366394,-1.9528875350952148
data/test/nevus/ISIC_0014868.jpg,-1.4978787899017334,-1.9346691370010376
data/test/nevus/ISIC_0014867.jpg,-1.5501813888549805,-1.8065688610076904
data/test/nevus/ISIC_0014822.jpg,-1.7441412210464478,-1.902841567993164
data/test/nevus/ISIC_0014787.jpg,-1.3909146785736084,-1.9776203632354736
data/test/nevus/ISIC_0014798.jpg,-1.5901726484298706,-2.021601676940918
data/test/nevus/ISIC_0014792.jpg,-1.440708875656128,-1.714638113975525
data/test/nevus/ISIC_0014833.jpg,-1.353485345840454,-1.740716576576233
data/test/nevus/ISIC_0014796.jpg,-1.5914145708084106,-2.3345742225646973
data/test/nevus/ISIC_0014814.jpg,-1.7343183755874634,-2.124063014984131
data/test/nevus/ISIC_0014815.jpg,-1.7836260795593262,-2.2876334190368652
data/test/nevus/ISIC_0014879.jpg,-1.5825891494750977,-1.8523545265197754
data/test/nevus/ISIC_0014901.jpg,-1.6547974348068237,-1.7850779294967651
data/test/nevus/ISIC_0014907.jpg,-1.7458617687225342,-2.00093674659729
data/test/nevus/ISIC_0014921.jpg,-1.4670826196670532,-2.2384538650512695
data/test/nevus/ISIC_0014910.jpg,-1.3489940166473389,-2.174196720123291
data/test/nevus/ISIC_0014927.jpg,-1.3861348628997803,-1.9819774627685547
data/test/nevus/ISIC_0014938.jpg,-1.5173312425613403,-2.060185670852661
data/test/nevus/ISIC_0014936.jpg,-1.8535749912261963,-2.6095733642578125
data/test/nevus/ISIC_0014944.jpg,-1.7474887371063232,-1.951171636581421
data/test/nevus/ISIC_0014941.jpg,-1.6007716655731201,-2.5328142642974854
data/test/nevus/ISIC_0014940.jpg,-1.8313860893249512,-2.112030267715454
data/test/nevus/ISIC_0014942.jpg,-1.6322993040084839,-1.7731069326400757
data/test/nevus/ISIC_0014943.jpg,-1.4047775268554688,-1.9759960174560547
data/test/nevus/ISIC_0014947.jpg,-1.6594791412353516,-2.4082465171813965
data/test/nevus/ISIC_0014948.jpg,-1.1601572036743164,-1.813770055770874
data/test/nevus/ISIC_0014949.jpg,-1.3435652256011963,-2.04329514503479
data/test/nevus/ISIC_0014952.jpg,-1.64352548122406,-2.1759591102600098
data/test/nevus/ISIC_0014958.jpg,-1.2904534339904785,-1.727806568145752
data/test/nevus/ISIC_0014959.jpg,-1.6304600238800049,-2.0837302207946777
data/test/nevus/ISIC_0014957.jpg,-1.682368278503418,-2.2392725944519043
data/test/nevus/ISIC_0014955.jpg,-1.2791290283203125,-1.9061015844345093
data/test/nevus/ISIC_0014956.jpg,-1.5252249240875244,-2.1263904571533203
data/test/nevus/ISIC_0014961.jpg,-1.5321627855300903,-1.7476005554199219
data/test/nevus/ISIC_0014964.jpg,-1.4479761123657227,-1.963050127029419
data/test/nevus/ISIC_0014962.jpg,-1.5956294536590576,-1.7219045162200928
data/test/nevus/ISIC_0014966.jpg,-1.4123852252960205,-1.777881145477295
data/test/nevus/ISIC_0014968.jpg,-1.2527344226837158,-1.801002025604248
data/test/nevus/ISIC_0014969.jpg,-1.3157099485397339,-1.6441991329193115
data/test/nevus/ISIC_0014973.jpg,-1.5588384866714478,-2.018892288208008
data/test/nevus/ISIC_0014974.jpg,-1.2125189304351807,-1.8945612907409668
data/test/nevus/ISIC_0014998.jpg,-1.3642077445983887,-1.9250032901763916
data/test/nevus/ISIC_0014992.jpg,-1.5912131071090698,-2.297684907913208
data/test/nevus/ISIC_0014977.jpg,-1.4433140754699707,-1.927188754081726
data/test/nevus/ISIC_0015002.jpg,-1.3756707906723022,-1.6461718082427979
data/test/nevus/ISIC_0014994.jpg,-2.1487555503845215,-2.5508501529693604
data/test/nevus/ISIC_0015003.jpg,-1.4442698955535889,-2.30431866645813
data/test/nevus/ISIC_0015035.jpg,-1.40488862991333,-1.7794842720031738
data/test/nevus/ISIC_0015051.jpg,-1.5080831050872803,-1.8095166683197021
data/test/nevus/ISIC_0015057.jpg,-1.5507149696350098,-1.692859172821045
data/test/nevus/ISIC_0015016.jpg,-1.2092068195343018,-1.704384684562683
data/test/nevus/ISIC_0015009.jpg,-1.3933790922164917,-1.5621721744537354
data/test/nevus/ISIC_0015008.jpg,-1.4722416400909424,-1.7299237251281738
data/test/nevus/ISIC_0015020.jpg,-1.1678398847579956,-1.849616527557373
data/test/nevus/ISIC_0015118.jpg,-1.5836113691329956,-1.7291326522827148
data/test/nevus/ISIC_0015026.jpg,-1.4022903442382812,-1.7951948642730713
data/test/nevus/ISIC_0015007.jpg,-1.6330235004425049,-1.666458010673523
data/test/nevus/ISIC_0015078.jpg,-1.3387043476104736,-1.298922061920166
data/test/nevus/ISIC_0015034.jpg,-1.5588102340698242,-2.2272939682006836
data/test/nevus/ISIC_0015031.jpg,-1.7989845275878906,-1.5810290575027466
data/test/nevus/ISIC_0015018.jpg,-1.6785510778427124,-2.17811918258667
data/test/nevus/ISIC_0015023.jpg,-1.5977094173431396,-2.032150983810425
data/test/nevus/ISIC_0015011.jpg,-1.4318451881408691,-1.7392983436584473
data/test/nevus/ISIC_0015089.jpg,-1.5393893718719482,-1.756062388420105
data/test/nevus/ISIC_0015037.jpg,-1.265857458114624,-2.0201432704925537
data/test/nevus/ISIC_0015040.jpg,-1.675780177116394,-2.075313091278076
data/test/nevus/ISIC_0015060.jpg,-1.6792340278625488,-1.999814510345459
data/test/nevus/ISIC_0015030.jpg,-1.8940339088439941,-2.3358876705169678
data/test/nevus/ISIC_0015130.jpg,-1.646345853805542,-2.229567050933838
data/test/nevus/ISIC_0015013.jpg,-1.206761360168457,-1.6662079095840454
data/test/nevus/ISIC_0015056.jpg,-1.21147620677948,-1.656384825706482
data/test/nevus/ISIC_0015125.jpg,-1.8683503866195679,-2.6237263679504395
data/test/nevus/ISIC_0015015.jpg,-1.8161531686782837,-2.154601573944092
data/test/nevus/ISIC_0015064.jpg,-1.097949504852295,-2.0618720054626465
data/test/nevus/ISIC_0015019.jpg,-1.353985071182251,-1.6951336860656738
data/test/nevus/ISIC_0015021.jpg,-1.735088586807251,-2.024747371673584
data/test/nevus/ISIC_0015102.jpg,-1.3830411434173584,-1.820749282836914
data/test/nevus/ISIC_0015129.jpg,-1.4320340156555176,-1.9940930604934692
data/test/nevus/ISIC_0015149.jpg,-1.170647144317627,-1.872879981994629
data/test/nevus/ISIC_0015175.jpg,-1.6250698566436768,-1.9370718002319336
data/test/nevus/ISIC_0015155.jpg,-1.5247448682785034,-1.8658143281936646
data/test/nevus/ISIC_0015146.jpg,-1.5655641555786133,-2.4467453956604004
data/test/nevus/ISIC_0015140.jpg,-1.2355241775512695,-1.7845897674560547
data/test/nevus/ISIC_0015150.jpg,-1.41534423828125,-2.068774700164795
data/test/nevus/ISIC_0015152.jpg,-1.4690330028533936,-1.6121704578399658
data/test/nevus/ISIC_0015139.jpg,-1.7303193807601929,-2.0791990756988525
data/test/nevus/ISIC_0015171.jpg,-1.3784456253051758,-1.5235915184020996
data/test/nevus/ISIC_0015157.jpg,-1.4093936681747437,-1.8461899757385254
data/test/nevus/ISIC_0015160.jpg,-1.482460856437683,-1.6810953617095947
data/test/nevus/ISIC_0015173.jpg,-1.2123675346374512,-1.751967430114746
data/test/nevus/ISIC_0015161.jpg,-1.3182928562164307,-1.508939266204834
data/test/nevus/ISIC_0015174.jpg,-1.3494915962219238,-1.9822049140930176
data/test/nevus/ISIC_0015207.jpg,-1.7697590589523315,-2.113164186477661
data/test/nevus/ISIC_0015184.jpg,-1.7299238443374634,-2.044318199157715
data/test/nevus/ISIC_0015179.jpg,-1.5999828577041626,-2.076366662979126
data/test/nevus/ISIC_0015176.jpg,-1.3260796070098877,-1.8877949714660645
data/test/nevus/ISIC_0015201.jpg,-1.435964822769165,-2.216600179672241
data/test/nevus/ISIC_0015202.jpg,-1.9435416460037231,-2.548269033432007
data/test/nevus/ISIC_0015203.jpg,-1.5737181901931763,-1.8823869228363037
data/test/nevus/ISIC_0015215.jpg,-1.516309142112732,-1.9252206087112427
data/test/nevus/ISIC_0015217.jpg,-1.7019436359405518,-2.432767391204834
data/test/nevus/ISIC_0015237.jpg,-1.2740291357040405,-2.1400957107543945
data/test/nevus/ISIC_0015216.jpg,-1.5600241422653198,-1.6213287115097046
data/test/nevus/ISIC_0015226.jpg,-1.524931788444519,-1.776121973991394
data/test/nevus/ISIC_0015223.jpg,-2.0443665981292725,-2.631639242172241
data/test/nevus/ISIC_0015224.jpg,-1.562315821647644,-1.866792917251587
data/test/nevus/ISIC_0015232.jpg,-1.4929823875427246,-1.867881178855896
data/test/nevus/ISIC_0015208.jpg,-1.4803365468978882,-1.925313949584961
data/test/nevus/ISIC_0015241.jpg,-1.4225306510925293,-1.5897127389907837
data/test/nevus/ISIC_0015218.jpg,-1.6870322227478027,-2.160348415374756
data/test/nevus/ISIC_0015212.jpg,-1.546939730644226,-1.8811500072479248
data/test/nevus/ISIC_0015244.jpg,-1.4055980443954468,-1.8186174631118774
data/test/nevus/ISIC_0015245.jpg,-1.4500207901000977,-1.5324102640151978
data/test/nevus/ISIC_0015250.jpg,-1.5465848445892334,-1.7985734939575195
data/test/nevus/ISIC_0015258.jpg,-1.513820767402649,-1.7298637628555298
data/test/nevus/ISIC_0015254.jpg,-1.6639833450317383,-1.976334571838379
data/test/nevus/ISIC_0015255.jpg,-1.141787052154541,-1.7064316272735596
data/test/nevus/ISIC_0015270.jpg,-1.684207797050476,-2.2858805656433105
data/test/nevus/ISIC_0015264.jpg,-1.5766572952270508,-1.9538503885269165
data/test/nevus/ISIC_0015273.jpg,-1.6765789985656738,-2.1504766941070557
data/test/nevus/ISIC_0015274.jpg,-1.3303929567337036,-1.813841700553894
data/test/nevus/ISIC_0015276.jpg,-1.921226978302002,-2.2292704582214355
data/test/nevus/ISIC_0015283.jpg,-1.6355684995651245,-2.197171211242676
data/test/nevus/ISIC_0015279.jpg,-1.770534634590149,-1.7300671339035034
data/test/nevus/ISIC_0015293.jpg,-1.6859933137893677,-2.3883986473083496
data/test/nevus/ISIC_0015291.jpg,-1.3710150718688965,-1.9992344379425049
data/test/nevus/ISIC_0015298.jpg,-1.930847406387329,-2.310481071472168
data/test/nevus/ISIC_0015330.jpg,-1.6750205755233765,-2.0532448291778564
data/test/nevus/ISIC_0015310.jpg,-1.2527098655700684,-1.876220703125
data/test/nevus/ISIC_0015309.jpg,-1.6953634023666382,-1.7401021718978882
data/test/nevus/ISIC_0015312.jpg,-1.4960238933563232,-2.3201606273651123
data/test/nevus/ISIC_0015311.jpg,-1.4846723079681396,-2.1925787925720215
data/test/nevus/ISIC_0015331.jpg,-1.7614169120788574,-2.3112401962280273
data/test/nevus/ISIC_0015347.jpg,-1.753855586051941,-2.017725706100464
data/test/nevus/ISIC_0015353.jpg,-1.539586067199707,-2.121997117996216
data/test/nevus/ISIC_0015355.jpg,-1.7441776990890503,-2.143416166305542
data/test/nevus/ISIC_0015395.jpg,-1.532989740371704,-1.6581649780273438
data/test/nevus/ISIC_0015403.jpg,-1.2907134294509888,-1.560256004333496
data/test/nevus/ISIC_0015363.jpg,-1.4497346878051758,-1.5167202949523926
data/test/nevus/ISIC_0015386.jpg,-1.3799573183059692,-2.514399290084839
data/test/nevus/ISIC_0015357.jpg,-1.5855128765106201,-1.8262938261032104
data/test/nevus/ISIC_0015417.jpg,-1.5360488891601562,-2.1490254402160645
data/test/nevus/ISIC_0015369.jpg,-1.4696877002716064,-1.600292682647705
data/test/nevus/ISIC_0015419.jpg,-1.6597191095352173,-1.6614445447921753
data/test/nevus/ISIC_0015416.jpg,-1.4271095991134644,-2.1132521629333496
data/test/nevus/ISIC_0015383.jpg,-1.6089197397232056,-2.270897388458252
data/test/nevus/ISIC_0015404.jpg,-1.314058780670166,-2.0529661178588867
data/test/nevus/ISIC_0015360.jpg,-1.366935133934021,-2.1381161212921143
data/test/nevus/ISIC_0015418.jpg,-1.4187113046646118,-2.1805646419525146
data/test/nevus/ISIC_0015390.jpg,-1.541114330291748,-1.9212442636489868
data/test/nevus/ISIC_0015364.jpg,-1.3063509464263916,-1.6702202558517456
data/test/nevus/ISIC_0015368.jpg,-1.6434434652328491,-2.373595952987671
data/test/nevus/ISIC_0015412.jpg,-1.580538272857666,-2.0668015480041504
data/test/nevus/ISIC_0015411.jpg,-1.7217659950256348,-2.1595187187194824
data/test/nevus/ISIC_0015544.jpg,-1.5829403400421143,-2.0837974548339844
data/test/nevus/ISIC_0015566.jpg,-1.651379108428955,-1.887778878211975
data/test/nevus/ISIC_0015593.jpg,-1.7214977741241455,-2.0149126052856445
data/test/nevus/ISIC_0015568.jpg,-1.719192624092102,-2.7101614475250244
data/test/nevus/ISIC_0015582.jpg,-1.78512442111969,-2.1609363555908203
data/test/nevus/ISIC_0015468.jpg,-1.9662233591079712,-2.150218963623047
data/test/nevus/ISIC_0015436.jpg,-1.6152533292770386,-1.9101046323776245
data/test/nevus/ISIC_0015482.jpg,-1.4364572763442993,-2.0276527404785156
data/test/nevus/ISIC_0015559.jpg,-1.5241422653198242,-2.008765459060669
data/test/nevus/ISIC_0015447.jpg,-1.3250622749328613,-1.6596685647964478
data/test/nevus/ISIC_0015537.jpg,-1.0893687009811401,-1.701852560043335
data/test/nevus/ISIC_0015464.jpg,-1.6154545545578003,-2.4226150512695312
data/test/nevus/ISIC_0015526.jpg,-1.5196782350540161,-1.884695053100586
data/test/nevus/ISIC_0015510.jpg,-1.5958948135375977,-2.0164132118225098
data/test/nevus/ISIC_0015455.jpg,-1.6889301538467407,-2.241683006286621
data/test/nevus/ISIC_0015466.jpg,-1.882120966911316,-2.0909104347229004
data/test/nevus/ISIC_0015607.jpg,-1.4807389974594116,-1.957603096961975
data/test/nevus/ISIC_0015614.jpg,-1.534795880317688,-1.849493384361267
data/test/nevus/ISIC_0015603.jpg,-1.5818125009536743,-2.424398899078369
data/test/nevus/ISIC_0015617.jpg,-1.5482616424560547,-1.8510103225708008
data/test/nevus/ISIC_0015476.jpg,-1.8871636390686035,-2.230694055557251
data/test/nevus/ISIC_0015481.jpg,-1.494246482849121,-1.9391483068466187
data/test/nevus/ISIC_0015440.jpg,-1.9381150007247925,-2.532637596130371
data/test/nevus/ISIC_0015485.jpg,-1.181071400642395,-1.670379638671875
data/test/nevus/ISIC_0015563.jpg,-1.342188835144043,-1.8565529584884644
data/test/nevus/ISIC_0015625.jpg,-1.5856552124023438,-2.237245559692383
data/test/nevus/ISIC_0015636.jpg,-1.2190194129943848,-1.324698567390442
data/test/nevus/ISIC_0015631.jpg,-1.8769530057907104,-2.0808167457580566
data/test/nevus/ISIC_0015940.jpg,-2.0031349658966064,-1.9516336917877197
data/test/nevus/ISIC_0015948.jpg,-2.0817959308624268,-2.3483431339263916
data/test/nevus/ISIC_0015959.jpg,-1.4291138648986816,-1.7884974479675293
data/test/nevus/ISIC_0015962.jpg,-1.893634557723999,-2.051816701889038
data/test/nevus/ISIC_0015953.jpg,-1.7467118501663208,-1.904283046722412
data/test/nevus/ISIC_0015949.jpg,-1.51089608669281,-1.7308307886123657
data/test/nevus/ISIC_0015946.jpg,-1.9744943380355835,-2.246593952178955
data/test/nevus/ISIC_0015944.jpg,-1.5490782260894775,-1.7432420253753662
data/test/nevus/ISIC_0015965.jpg,-1.5339086055755615,-1.6390849351882935
data/test/nevus/ISIC_0015957.jpg,-1.872401237487793,-1.7744128704071045
data/test/nevus/ISIC_0015638.jpg,-1.6155543327331543,-2.0030670166015625
data/test/nevus/ISIC_0015947.jpg,-1.619038462638855,-1.945712685585022
data/test/nevus/ISIC_0015951.jpg,-1.5191011428833008,-1.7728984355926514
data/test/nevus/ISIC_0015954.jpg,-2.0312788486480713,-2.317507266998291
data/test/nevus/ISIC_0015943.jpg,-1.812461256980896,-2.014791488647461
data/test/nevus/ISIC_0015939.jpg,-1.604062557220459,-2.0404391288757324
data/test/nevus/ISIC_0015964.jpg,-1.9488706588745117,-2.130816698074341
data/test/nevus/ISIC_0015937.jpg,-2.082662343978882,-2.3913230895996094
data/test/nevus/ISIC_0015941.jpg,-2.289036750793457,-2.5208663940429688
data/test/nevus/ISIC_0015936.jpg,-1.5078635215759277,-1.81837797164917
data/test/nevus/ISIC_0015641.jpg,-1.4309881925582886,-1.4581701755523682
data/test/nevus/ISIC_0015938.jpg,-1.7729833126068115,-2.159147024154663
data/test/nevus/ISIC_0015950.jpg,-1.6638844013214111,-1.796155333518982
data/test/nevus/ISIC_0015956.jpg,-2.0431721210479736,-2.376478433609009
data/test/nevus/ISIC_0015961.jpg,-1.4751731157302856,-1.730202078819275
data/test/nevus/ISIC_0015945.jpg,-2.0968315601348877,-2.378880023956299
data/test/nevus/ISIC_0015958.jpg,-1.569519281387329,-1.636436939239502
data/test/nevus/ISIC_0015955.jpg,-1.514385461807251,-1.6994295120239258
data/test/nevus/ISIC_0015966.jpg,-1.8180826902389526,-1.8735185861587524
data/test/nevus/ISIC_0015963.jpg,-2.1113202571868896,-2.219829559326172
data/test/nevus/ISIC_0015960.jpg,-2.048915147781372,-2.5162084102630615
data/test/nevus/ISIC_0015645.jpg,-1.6037425994873047,-1.736095666885376
data/test/nevus/ISIC_0015952.jpg,-1.609529733657837,-1.7145049571990967
data/test/nevus/ISIC_0015942.jpg,-2.1222047805786133,-2.1471352577209473
data/test/nevus/ISIC_0015967.jpg,-1.464468002319336,-1.492455244064331
data/test/nevus/ISIC_0015968.jpg,-1.3685275316238403,-1.5937793254852295
data/test/nevus/ISIC_0015973.jpg,-1.5716438293457031,-1.3469631671905518
data/test/nevus/ISIC_0015971.jpg,-1.5111039876937866,-1.6801705360412598
data/test/nevus/ISIC_0015969.jpg,-1.69974946975708,-2.2288658618927
data/test/nevus/ISIC_0015974.jpg,-1.5552384853363037,-1.5294218063354492
data/test/nevus/ISIC_0015972.jpg,-1.6317330598831177,-1.6944141387939453
data/test/nevus/ISIC_0015975.jpg,-1.7215921878814697,-2.114619731903076
data/test/nevus/ISIC_0015976.jpg,-1.4989080429077148,-1.8342983722686768
data/test/nevus/ISIC_0015978.jpg,-1.9264662265777588,-1.8313119411468506
data/test/nevus/ISIC_0015979.jpg,-1.4817776679992676,-1.5571800470352173
data/test/nevus/ISIC_0015991.jpg,-1.6578123569488525,-1.9935383796691895
data/test/nevus/ISIC_0015981.jpg,-1.4624160528182983,-1.928307294845581
data/test/nevus/ISIC_0015985.jpg,-1.7870951890945435,-2.196312189102173
data/test/nevus/ISIC_0015986.jpg,-1.3556276559829712,-1.5303418636322021
data/test/nevus/ISIC_0015990.jpg,-1.921198844909668,-2.272759199142456
data/test/nevus/ISIC_0015983.jpg,-1.4019136428833008,-1.5579962730407715
data/test/nevus/ISIC_0015988.jpg,-1.4214742183685303,-1.996673583984375
data/test/nevus/ISIC_0015989.jpg,-1.6416629552841187,-2.29148006439209
data/test/nevus/ISIC_0015984.jpg,-1.4434144496917725,-1.5459942817687988
data/test/nevus/ISIC_0015980.jpg,-1.7530088424682617,-2.1493606567382812
data/test/nevus/ISIC_0015987.jpg,-1.3567980527877808,-1.508906364440918
data/test/nevus/ISIC_0015992.jpg,-1.892724633216858,-2.1779375076293945
data/test/nevus/ISIC_0015993.jpg,-1.3648691177368164,-1.554570198059082
data/test/nevus/ISIC_0015982.jpg,-1.9051737785339355,-2.1569714546203613
data/test/nevus/ISIC_0016005.jpg,-1.9786248207092285,-2.2109384536743164
data/test/nevus/ISIC_0016006.jpg,-1.6322555541992188,-1.8401986360549927
data/test/nevus/ISIC_0015994.jpg,-1.4603091478347778,-1.845770239830017
data/test/nevus/ISIC_0015995.jpg,-1.3994529247283936,-1.7539255619049072
data/test/nevus/ISIC_0015998.jpg,-1.3232131004333496,-1.6697421073913574
data/test/nevus/ISIC_0016002.jpg,-1.8209829330444336,-2.1021206378936768
data/test/nevus/ISIC_0015999.jpg,-1.9026131629943848,-1.9614511728286743
data/test/nevus/ISIC_0016003.jpg,-2.1249470710754395,-2.9098920822143555
data/test/nevus/ISIC_0015997.jpg,-1.6751246452331543,-1.9012047052383423
data/test/nevus/ISIC_0016001.jpg,-1.6465721130371094,-1.8324718475341797
data/test/nevus/ISIC_0016000.jpg,-1.2079031467437744,-1.5148663520812988
data/test/nevus/ISIC_0015996.jpg,-1.398191213607788,-1.7306203842163086
data/test/nevus/ISIC_0016004.jpg,-1.5565845966339111,-1.821134090423584
data/test/nevus/ISIC_0016007.jpg,-1.5788824558258057,-1.7063254117965698
data/test/nevus/ISIC_0016008.jpg,-1.2414087057113647,-1.6741578578948975
data/test/nevus/ISIC_0016009.jpg,-1.7360565662384033,-1.8798861503601074
data/test/nevus/ISIC_0016011.jpg,-1.722096562385559,-1.7614182233810425
data/test/nevus/ISIC_0016013.jpg,-1.5580421686172485,-1.8959717750549316
data/test/nevus/ISIC_0016031.jpg,-1.5002079010009766,-1.7453174591064453
data/test/nevus/ISIC_0016036.jpg,-1.2965283393859863,-1.8817713260650635
data/test/nevus/ISIC_0016029.jpg,-1.5913784503936768,-1.7774131298065186
data/test/nevus/ISIC_0016019.jpg,-1.7707730531692505,-1.8059622049331665
data/test/nevus/ISIC_0016014.jpg,-1.9970402717590332,-2.279522180557251
data/test/nevus/ISIC_0016034.jpg,-1.4035537242889404,-1.658147931098938
data/test/nevus/ISIC_0016028.jpg,-1.865812063217163,-2.0451884269714355
data/test/nevus/ISIC_0016018.jpg,-1.760652780532837,-2.083829879760742
data/test/nevus/ISIC_0016027.jpg,-1.535821557044983,-1.7050423622131348
data/test/nevus/ISIC_0016016.jpg,-1.3877475261688232,-1.779078722000122
data/test/nevus/ISIC_0016017.jpg,-1.5709269046783447,-2.0383899211883545
data/test/nevus/ISIC_0016025.jpg,-1.7710641622543335,-1.9002392292022705
data/test/nevus/ISIC_0016012.jpg,-1.5181392431259155,-2.116067409515381
data/test/nevus/ISIC_0016033.jpg,-1.4740716218948364,-1.6021157503128052
data/test/nevus/ISIC_0016035.jpg,-1.4606884717941284,-1.6375582218170166
data/test/nevus/ISIC_0016024.jpg,-1.3519318103790283,-1.5450061559677124
data/test/nevus/ISIC_0016023.jpg,-1.843843936920166,-1.8484508991241455
data/test/nevus/ISIC_0016015.jpg,-2.0687215328216553,-2.184269666671753
data/test/nevus/ISIC_0016030.jpg,-1.4621676206588745,-1.600195288658142
data/test/nevus/ISIC_0016026.jpg,-1.3375303745269775,-1.5824339389801025
data/test/nevus/ISIC_0016022.jpg,-1.3439899682998657,-1.7621114253997803
data/test/nevus/ISIC_0016042.jpg,-1.5273988246917725,-1.7123997211456299
data/test/nevus/ISIC_0016038.jpg,-2.1628456115722656,-2.5468010902404785
data/test/nevus/ISIC_0016037.jpg,-1.6164809465408325,-1.9645265340805054
data/test/nevus/ISIC_0016041.jpg,-1.605187177658081,-1.6129076480865479
data/test/nevus/ISIC_0016040.jpg,-1.4899723529815674,-1.8874170780181885
data/test/nevus/ISIC_0016043.jpg,-1.4973747730255127,-1.7567061185836792
data/test/nevus/ISIC_0016044.jpg,-1.9689687490463257,-2.03179931640625
data/test/nevus/ISIC_0016052.jpg,-1.680415153503418,-1.864731788635254
data/test/nevus/ISIC_0016050.jpg,-1.6139854192733765,-1.8981279134750366
data/test/nevus/ISIC_0016049.jpg,-2.3940601348876953,-2.750382423400879
data/test/nevus/ISIC_0016045.jpg,-1.3857511281967163,-1.638525366783142
data/test/nevus/ISIC_0016048.jpg,-1.413607120513916,-1.8187675476074219
data/test/nevus/ISIC_0016053.jpg,-1.3486542701721191,-1.5637578964233398
data/test/nevus/ISIC_0016056.jpg,-1.260897159576416,-1.4389853477478027
data/test/nevus/ISIC_0016046.jpg,-1.8210457563400269,-2.045097589492798
data/test/nevus/ISIC_0016054.jpg,-1.660475492477417,-1.4163845777511597
data/test/nevus/ISIC_0016051.jpg,-2.139112710952759,-2.43194580078125
data/test/nevus/ISIC_0016055.jpg,-1.7533278465270996,-2.022205114364624
data/test/nevus/ISIC_0016061.jpg,-1.8168786764144897,-2.1956582069396973
data/test/nevus/ISIC_0016064.jpg,-1.3953778743743896,-1.6037046909332275
data/test/nevus/ISIC_0016058.jpg,-2.1070141792297363,-2.023313522338867
data/test/nevus/ISIC_0016060.jpg,-1.6993346214294434,-2.0893118381500244
data/test/nevus/ISIC_0016062.jpg,-1.511627197265625,-1.9384191036224365
data/test/nevus/ISIC_0016063.jpg,-1.8209108114242554,-1.9480311870574951
data/test/nevus/ISIC_0016068.jpg,-1.6280348300933838,-2.4445700645446777
data/test/nevus/ISIC_0016057.jpg,-1.7222131490707397,-2.2890625
data/test/nevus/ISIC_0016065.jpg,-1.549246072769165,-1.858471393585205
data/test/nevus/ISIC_0016066.jpg,-1.424086093902588,-1.600226879119873
data/test/nevus/ISIC_0016059.jpg,-1.4702061414718628,-1.9299489259719849
data/test/nevus/ISIC_0016069.jpg,-1.5981252193450928,-2.1202938556671143
data/test/nevus/ISIC_0016070.jpg,-1.7318687438964844,-1.8231931924819946
data/test/nevus/ISIC_0016071.jpg,-1.373079538345337,-1.6503961086273193
data/test/nevus/ISIC_0016072.jpg,-1.2251865863800049,-1.6305646896362305
data/test/seborrheic_keratosis/ISIC_0012086.jpg,-1.5974037647247314,-1.4984655380249023
data/test/seborrheic_keratosis/ISIC_0012134.jpg,-1.3092503547668457,-1.4446980953216553
data/test/seborrheic_keratosis/ISIC_0012136.jpg,-1.3551032543182373,-1.3840889930725098
data/test/seborrheic_keratosis/ISIC_0012178.jpg,-1.4125990867614746,-1.6606733798980713
data/test/seborrheic_keratosis/ISIC_0012314.jpg,-2.0452253818511963,-2.2336082458496094
data/test/seborrheic_keratosis/ISIC_0012323.jpg,-1.437534213066101,-1.5509428977966309
data/test/seborrheic_keratosis/ISIC_0012265.jpg,-1.2751781940460205,-1.6303086280822754
data/test/seborrheic_keratosis/ISIC_0012387.jpg,-1.5421428680419922,-1.583646535873413
data/test/seborrheic_keratosis/ISIC_0012358.jpg,-1.8556522130966187,-1.7572122812271118
data/test/seborrheic_keratosis/ISIC_0012223.jpg,-1.3101516962051392,-1.4399991035461426
data/test/seborrheic_keratosis/ISIC_0012266.jpg,-1.4705718755722046,-1.6121947765350342
data/test/seborrheic_keratosis/ISIC_0012372.jpg,-1.797062635421753,-1.9898048639297485
data/test/seborrheic_keratosis/ISIC_0012273.jpg,-1.707991361618042,-1.8514199256896973
data/test/seborrheic_keratosis/ISIC_0012388.jpg,-1.7203477621078491,-1.6793187856674194
data/test/seborrheic_keratosis/ISIC_0012272.jpg,-1.5071580410003662,-1.714132308959961
data/test/seborrheic_keratosis/ISIC_0012215.jpg,-1.4483718872070312,-1.3328711986541748
data/test/seborrheic_keratosis/ISIC_0012364.jpg,-1.2710471153259277,-1.516150712966919
data/test/seborrheic_keratosis/ISIC_0012330.jpg,-1.8495781421661377,-1.5838713645935059
data/test/seborrheic_keratosis/ISIC_0012375.jpg,-1.3660600185394287,-1.3984432220458984
data/test/seborrheic_keratosis/ISIC_0012248.jpg,-1.4625657796859741,-1.6797633171081543
data/test/seborrheic_keratosis/ISIC_0012240.jpg,-1.4283243417739868,-1.5030226707458496
data/test/seborrheic_keratosis/ISIC_0012207.jpg,-1.5713704824447632,-1.7497745752334595
data/test/seborrheic_keratosis/ISIC_0012199.jpg,-1.3892282247543335,-1.8699761629104614
data/test/seborrheic_keratosis/ISIC_0012448.jpg,-1.6209245920181274,-1.786149263381958
data/test/seborrheic_keratosis/ISIC_0012432.jpg,-1.9759398698806763,-1.8843700885772705
data/test/seborrheic_keratosis/ISIC_0012510.jpg,-1.4787535667419434,-1.6211693286895752
data/test/seborrheic_keratosis/ISIC_0012414.jpg,-1.396215558052063,-1.6910841464996338
data/test/seborrheic_keratosis/ISIC_0012447.jpg,-1.4174076318740845,-1.5138740539550781
data/test/seborrheic_keratosis/ISIC_0012428.jpg,-1.5381215810775757,-1.9237875938415527
data/test/seborrheic_keratosis/ISIC_0012522.jpg,-1.8004783391952515,-1.8208560943603516
data/test/seborrheic_keratosis/ISIC_0012537.jpg,-1.567112684249878,-1.8362302780151367
data/test/seborrheic_keratosis/ISIC_0012548.jpg,-1.5407594442367554,-1.7077083587646484
data/test/seborrheic_keratosis/ISIC_0013270.jpg,-1.4095656871795654,-1.6491451263427734
data/test/seborrheic_keratosis/ISIC_0013319.jpg,-1.6150258779525757,-2.1835403442382812
data/test/seborrheic_keratosis/ISIC_0014457.jpg,-1.4862875938415527,-1.6521990299224854
data/test/seborrheic_keratosis/ISIC_0013673.jpg,-1.8077667951583862,-1.6112771034240723
data/test/seborrheic_keratosis/ISIC_0014251.jpg,-1.6845903396606445,-1.4839835166931152
data/test/seborrheic_keratosis/ISIC_0014409.jpg,-1.9067426919937134,-1.9304622411727905
data/test/seborrheic_keratosis/ISIC_0012852.jpg,-1.8299434185028076,-1.8612549304962158
data/test/seborrheic_keratosis/ISIC_0013465.jpg,-1.6304196119308472,-1.9080106019973755
data/test/seborrheic_keratosis/ISIC_0014419.jpg,-1.262108564376831,-1.602364182472229
data/test/seborrheic_keratosis/ISIC_0013393.jpg,-1.5444071292877197,-1.5614819526672363
data/test/seborrheic_keratosis/ISIC_0014006.jpg,-1.7037012577056885,-1.5331742763519287
data/test/seborrheic_keratosis/ISIC_0012928.jpg,-1.7025985717773438,-1.7120277881622314
data/test/seborrheic_keratosis/ISIC_0013169.jpg,-1.309622049331665,-1.4052786827087402
data/test/seborrheic_keratosis/ISIC_0014386.jpg,-1.6096540689468384,-1.7428487539291382
data/test/seborrheic_keratosis/ISIC_0013977.jpg,-1.8515162467956543,-1.4905048608779907
data/test/seborrheic_keratosis/ISIC_0014392.jpg,-1.5164602994918823,-1.3938052654266357
data/test/seborrheic_keratosis/ISIC_0012848.jpg,-1.855377197265625,-2.27156138420105
data/test/seborrheic_keratosis/ISIC_0013203.jpg,-1.7611989974975586,-1.7176194190979004
data/test/seborrheic_keratosis/ISIC_0014177.jpg,-1.210571527481079,-1.4259532690048218
data/test/seborrheic_keratosis/ISIC_0012705.jpg,-1.449572205543518,-1.5275286436080933
data/test/seborrheic_keratosis/ISIC_0013030.jpg,-1.8977282047271729,-1.6777229309082031
data/test/seborrheic_keratosis/ISIC_0012786.jpg,-1.5900949239730835,-1.655561089515686
data/test/seborrheic_keratosis/ISIC_0013708.jpg,-1.3375024795532227,-1.3400585651397705
data/test/seborrheic_keratosis/ISIC_0013035.jpg,-1.5804246664047241,-1.6150399446487427
data/test/seborrheic_keratosis/ISIC_0013271.jpg,-2.1464288234710693,-2.5769333839416504
data/test/seborrheic_keratosis/ISIC_0013281.jpg,-1.3316309452056885,-1.3897192478179932
data/test/seborrheic_keratosis/ISIC_0012757.jpg,-1.6435524225234985,-1.7647935152053833
data/test/seborrheic_keratosis/ISIC_0013170.jpg,-1.2953572273254395,-1.4472604990005493
data/test/seborrheic_keratosis/ISIC_0012955.jpg,-1.6637489795684814,-1.5511400699615479
data/test/seborrheic_keratosis/ISIC_0014278.jpg,-1.7333070039749146,-1.785778284072876
data/test/seborrheic_keratosis/ISIC_0012974.jpg,-1.6108530759811401,-1.4743146896362305
data/test/seborrheic_keratosis/ISIC_0013764.jpg,-1.4819865226745605,-1.4883813858032227
data/test/seborrheic_keratosis/ISIC_0013085.jpg,-1.6433424949645996,-1.4690821170806885
data/test/seborrheic_keratosis/ISIC_0014643.jpg,-1.2851474285125732,-1.7761335372924805
data/test/seborrheic_keratosis/ISIC_0014645.jpg,-0.9391108751296997,-1.691320776939392
data/test/seborrheic_keratosis/ISIC_0014575.jpg,-1.4544633626937866,-2.166618585586548
data/test/seborrheic_keratosis/ISIC_0014631.jpg,-1.5450081825256348,-1.8337810039520264
data/test/seborrheic_keratosis/ISIC_0014600.jpg,-1.694462537765503,-2.5721731185913086
data/test/seborrheic_keratosis/ISIC_0014634.jpg,-1.5236551761627197,-1.5488146543502808
data/test/seborrheic_keratosis/ISIC_0014644.jpg,-1.5066884756088257,-1.9977003335952759
data/test/seborrheic_keratosis/ISIC_0014648.jpg,-1.483811855316162,-1.494436264038086
data/test/seborrheic_keratosis/ISIC_0014586.jpg,-1.4027994871139526,-2.1544671058654785
data/test/seborrheic_keratosis/ISIC_0014627.jpg,-1.5435281991958618,-2.1818323135375977
data/test/seborrheic_keratosis/ISIC_0014653.jpg,-1.3826940059661865,-1.6720319986343384
data/test/seborrheic_keratosis/ISIC_0014503.jpg,-1.7006163597106934,-1.534226655960083
data/test/seborrheic_keratosis/ISIC_0014626.jpg,-1.1910185813903809,-1.5843803882598877
data/test/seborrheic_keratosis/ISIC_0014649.jpg,-1.474367618560791,-1.85988187789917
data/test/seborrheic_keratosis/ISIC_0014474.jpg,-1.4521859884262085,-1.3364157676696777
data/test/seborrheic_keratosis/ISIC_0014652.jpg,-1.2120635509490967,-1.8950746059417725
data/test/seborrheic_keratosis/ISIC_0014567.jpg,-1.5567933320999146,-1.7161545753479004
data/test/seborrheic_keratosis/ISIC_0014619.jpg,-1.3457633256912231,-1.7907214164733887
data/test/seborrheic_keratosis/ISIC_0014647.jpg,-1.4159626960754395,-1.8403176069259644
data/test/seborrheic_keratosis/ISIC_0014574.jpg,-1.5549405813217163,-2.1298279762268066
data/test/seborrheic_keratosis/ISIC_0014588.jpg,-1.4013750553131104,-1.8775625228881836
data/test/seborrheic_keratosis/ISIC_0014500.jpg,-1.392598271369934,-1.7382676601409912
data/test/seborrheic_keratosis/ISIC_0014629.jpg,-1.3647154569625854,-1.985601782798767
data/test/seborrheic_keratosis/ISIC_0014590.jpg,-1.9409300088882446,-2.4581429958343506
data/test/seborrheic_keratosis/ISIC_0014587.jpg,-1.5777337551116943,-1.4429059028625488
